id	data_inversa	dia_semana	horario	uf	br	km	municipio	causa_acidente	tipo_acidente	classificacao_acidente	fase_dia	sentido_via	condicao_metereologica	tipo_pista	tracado_via	uso_solo	pessoas	mortos	feridos_leves	feridos_graves	ilesos	ignorados	feridos	veiculos	latitude	longitude	regional	delegacia	uop
501706	2023-01-28	sábado	11:50:00	RJ	40	58	PETROPOLIS	Velocidade Incompatível	Tombamento	Com Vítimas Feridas	Pleno dia	Decrescente	Céu Claro	Dupla	Curva	Não	2	0	0	1	0	1	1	2	-22,378777	-43,131523	SPRF-RJ	DEL05-RJ	UOP02-DEL05-RJ
509004	2023-03-07	terça-feira	09:10:00	RJ	40	87	PETROPOLIS	Problema com o freio	Saída de leito carroçável	Com Vítimas Feridas	Pleno dia	Crescente	Céu Claro	Simples	Declive;Curva	Não	1	0	1	0	0	0	1	1	-22,54413793	-43,23287799	SPRF-RJ	DEL06-RJ	UOP01-DEL06-RJ
509060	2023-03-06	segunda-feira	05:00:00	RJ	40	92	PETROPOLIS	Condutor Dormindo	Colisão com objeto	Com Vítimas Fatais	Amanhecer	Crescente	Céu Claro	Simples	Curva	Não	1	1	0	0	0	0	0	1	-22,552182	-43,251194	SPRF-RJ	DEL06-RJ	UOP01-DEL06-RJ
510527	2023-03-14	terça-feira	15:00:00	RJ	495	15	PETROPOLIS	Velocidade Incompatível	Colisão frontal	Com Vítimas Feridas	Pleno dia	Decrescente	Nublado	Simples	Curva	Não	3	0	2	0	1	0	2	2	-22,418934	-43,05574	SPRF-RJ	DEL06-RJ	UOP01-DEL06-RJ
513166	2023-03-27	segunda-feira	08:41:00	RJ	40	90	PETROPOLIS	Velocidade Incompatível	Colisão com objeto	Com Vítimas Feridas	Pleno dia	Decrescente	Nublado	Simples	Aclive;Curva	Não	3	0	2	0	1	0	2	1	-22,55542638	-43,22963476	SPRF-RJ	DEL06-RJ	UOP01-DEL06-RJ
516295	2023-04-11	terça-feira	17:10:00	RJ	40	96	PETROPOLIS	Velocidade Incompatível	Tombamento	Com Vítimas Feridas	Pleno dia	Decrescente	Céu Claro	Simples	Curva;Aclive	Não	2	0	1	0	0	1	1	2	-22,56876595	-43,27693723	SPRF-RJ	DEL01-RJ	UOP01-DEL01-RJ
516977	2023-04-15	sábado	13:00:00	RJ	40	79	PETROPOLIS	Acumulo de água sobre o pavimento	Tombamento	Com Vítimas Feridas	Pleno dia	Crescente	Chuva	Dupla	Curva	Não	2	0	1	0	1	0	1	1	-22,49130098	-43,22294163	SPRF-RJ	DEL06-RJ	UOP01-DEL06-RJ
516978	2023-04-15	sábado	13:00:00	RJ	40	79	PETROPOLIS	Velocidade Incompatível	Colisão traseira	Com Vítimas Feridas	Pleno dia	Decrescente	Céu Claro	Simples	Reta	Não	3	0	1	0	2	0	1	3	-22,49106769	-43,22090149	SPRF-RJ	DEL06-RJ	UOP01-DEL06-RJ
517914	2023-04-19	quarta-feira	20:30:00	RJ	40	81	PETROPOLIS	Velocidade Incompatível	Colisão com objeto	Com Vítimas Feridas	Plena Noite	Crescente	Chuva	Simples	Declive;Curva	Não	1	0	1	0	0	0	1	1	-22,52047984	-43,2292093	SPRF-RJ	DEL06-RJ	UOP01-DEL06-RJ
519651	2023-04-28	sexta-feira	05:30:00	RJ	40	60,3	PETROPOLIS	Pedestre cruzava a pista fora da faixa	Atropelamento de Pedestre	Com Vítimas Fatais	Amanhecer	Decrescente	Chuva	Dupla	Reta	Não	2	1	0	0	0	1	0	2	-22,39450315	-43,13468983	SPRF-RJ	DEL05-RJ	UOP02-DEL05-RJ
520816	2023-05-03	quarta-feira	16:00:00	RJ	40	82	PETROPOLIS	Reação tardia ou ineficiente do condutor	Tombamento	Sem Vítimas	Pleno dia	Crescente	Céu Claro	Simples	Curva	Não	2	0	0	0	2	0	0	1	-22,51183137	-43,23076171	SPRF-RJ	DEL06-RJ	UOP01-DEL06-RJ
522054	2023-05-09	terça-feira	19:20:00	RJ	40	88	PETROPOLIS	Demais falhas mecânicas ou elétricas	Tombamento	Com Vítimas Feridas	Plena Noite	Crescente	Céu Claro	Dupla	Reta	Não	2	0	2	0	0	0	2	1	-22,548575	-43,231738	SPRF-RJ	DEL06-RJ	UOP01-DEL06-RJ
522055	2023-05-09	terça-feira	18:20:00	RJ	40	78	PETROPOLIS	Iluminação deficiente	Colisão traseira	Com Vítimas Feridas	Plena Noite	Decrescente	Céu Claro	Simples	Reta	Não	2	0	1	0	1	0	1	2	-22,48485874	-43,22843406	SPRF-RJ	DEL06-RJ	UOP01-DEL06-RJ
523469	2023-05-16	terça-feira	13:20:00	RJ	40	63	PETROPOLIS	Reação tardia ou ineficiente do condutor	Colisão frontal	Com Vítimas Feridas	Pleno dia	Crescente	Sol	Dupla	Reta;Em Obras	Não	3	0	0	2	1	0	2	2	-22,41855353	-43,1534726	SPRF-RJ	DEL06-RJ	UOP01-DEL06-RJ
523554	2023-05-17	quarta-feira	06:30:00	RJ	40	47	PETROPOLIS	Reação tardia ou ineficiente do condutor	Colisão transversal	Com Vítimas Feridas	Pleno dia	Decrescente	Céu Claro	Dupla	Reta	Não	2	0	1	0	1	0	1	2	-22,29169833	-43,1279826	SPRF-RJ	DEL05-RJ	UOP02-DEL05-RJ
527475	2023-06-05	segunda-feira	04:40:00	RJ	40	69	PETROPOLIS	Ingestão de substâncias psicoativas pelo condutor	Colisão traseira	Com Vítimas Feridas	Amanhecer	Crescente	Céu Claro	Simples	Reta	Não	2	0	0	1	1	0	1	2	-22,44351715	-43,19229188	SPRF-RJ	DEL06-RJ	UOP01-DEL06-RJ
528270	2023-06-09	sexta-feira	00:30:00	RJ	40	72	PETROPOLIS	Reação tardia ou ineficiente do condutor	Colisão traseira	Com Vítimas Feridas	Plena Noite	Crescente	Céu Claro	Simples	Reta;Aclive	Não	2	0	1	0	0	1	1	2	-22,4585308	-43,21600514	SPRF-RJ	DEL06-RJ	UOP01-DEL06-RJ
529360	2023-06-14	quarta-feira	06:45:00	RJ	40	89	PETROPOLIS	Manobra de mudança de faixa	Colisão lateral mesmo sentido	Sem Vítimas	Pleno dia	Crescente	Céu Claro	Dupla	Reta	Não	2	0	0	0	2	0	0	2	-22,556263	-43,23718	SPRF-RJ	DEL06-RJ	UOP01-DEL06-RJ
531246	2023-06-23	sexta-feira	10:00:00	RJ	40	86	PETROPOLIS	Velocidade Incompatível	Tombamento	Com Vítimas Feridas	Pleno dia	Crescente	Céu Claro	Dupla	Curva	Não	2	0	0	1	0	1	1	2	-22,53575484	-43,23295774	SPRF-RJ	DEL06-RJ	UOP01-DEL06-RJ
532363	2023-06-28	quarta-feira	02:49:00	RJ	40	48	PETROPOLIS	Curva acentuada	Tombamento	Com Vítimas Feridas	Plena Noite	Decrescente	Céu Claro	Múltipla	Curva	Não	1	0	1	0	0	0	1	1	-22,30030298	-43,13042284	SPRF-RJ	DEL05-RJ	UOP02-DEL05-RJ
533955	2023-07-06	quinta-feira	06:50:00	RJ	40	91	PETROPOLIS	Ausência de reação do condutor	Tombamento	Com Vítimas Feridas	Amanhecer	Crescente	Céu Claro	Simples	Curva;Declive	Sim	2	0	1	0	1	0	1	1	-22,54903566	-43,24229724	SPRF-RJ	DEL06-RJ	UOP01-DEL06-RJ
534943	2023-07-10	segunda-feira	11:30:00	RJ	495	29	PETROPOLIS	Transitar na contramão	Colisão frontal	Com Vítimas Feridas	Pleno dia	Decrescente	Céu Claro	Simples	Reta	Não	2	0	1	0	1	0	1	2	-22,391611	-43,126202	SPRF-RJ	DEL06-RJ	UOP01-DEL06-RJ
537123	2023-07-05	quarta-feira	23:40:00	RJ	40	77	PETROPOLIS	Demais falhas mecânicas ou elétricas	Incêndio	Sem Vítimas	Plena Noite	Decrescente	Vento	Simples	Reta;Aclive	Sim	2	0	0	0	1	1	0	2	-22,48005592	-43,23543994	SPRF-RJ	DEL06-RJ	UOP01-DEL06-RJ
539946	2023-08-03	quinta-feira	07:20:00	RJ	40	80	PETROPOLIS	Velocidade Incompatível	Colisão com objeto	Com Vítimas Feridas	Pleno dia	Crescente	Céu Claro	Simples	Declive;Curva	Não	1	0	1	0	0	0	1	1	-22,49960234	-43,23085785	SPRF-RJ	DEL06-RJ	UOP01-DEL06-RJ
540401	2023-08-05	sábado	15:30:00	RJ	40	79	PETROPOLIS	Ultrapassagem Indevida	Colisão traseira	Com Vítimas Feridas	Pleno dia	Decrescente	Céu Claro	Simples	Curva	Não	7	0	4	1	1	1	5	3	-22,49130098	-43,22294163	SPRF-RJ	DEL06-RJ	UOP01-DEL06-RJ
544518	2023-08-25	sexta-feira	17:00:00	RJ	40	85	PETROPOLIS	Demais falhas mecânicas ou elétricas	Colisão traseira	Com Vítimas Feridas	Anoitecer	Crescente	Céu Claro	Simples	Reta;Declive	Não	50	0	0	1	49	0	1	2	-22,52145512	-43,23707996	SPRF-RJ	DEL06-RJ	UOP01-DEL06-RJ
545149	2023-08-28	segunda-feira	09:00:00	RJ	495	10	PETROPOLIS	Demais falhas mecânicas ou elétricas	Incêndio	Sem Vítimas	Pleno dia	Crescente	Chuva	Dupla	Curva	Não	1	0	0	0	1	0	0	1	-22,412571	-43,027103	SPRF-RJ	DEL04-RJ	UOP01-DEL04-RJ
549474	2023-09-18	segunda-feira	12:20:00	RJ	40	87	PETROPOLIS	Demais falhas mecânicas ou elétricas	Saída de leito carroçável	Com Vítimas Feridas	Pleno dia	Decrescente	Céu Claro	Simples	Curva;Aclive	Não	1	0	1	0	0	0	1	1	-22,54413793	-43,23287799	SPRF-RJ	DEL06-RJ	UOP01-DEL06-RJ
549821	2023-09-20	quarta-feira	09:30:00	RJ	40	82,9	PETROPOLIS	Velocidade Incompatível	Tombamento	Com Vítimas Feridas	Pleno dia	Crescente	Céu Claro	Simples	Curva;Declive	Sim	2	0	1	0	0	1	1	2	-22,51915769	-43,22872281	SPRF-RJ	DEL06-RJ	UOP01-DEL06-RJ
550301	2023-09-22	sexta-feira	20:50:00	RJ	40	75	PETROPOLIS	Reação tardia ou ineficiente do condutor	Colisão frontal	Com Vítimas Feridas	Plena Noite	Decrescente	Céu Claro	Dupla	Curva	Não	4	0	1	0	3	0	1	4	-22,46857126	-43,22958698	SPRF-RJ	DEL06-RJ	UOP01-DEL06-RJ
551109	2023-09-26	terça-feira	10:00:00	RJ	40	52	PETROPOLIS	Ausência de reação do condutor	Colisão traseira	Com Vítimas Feridas	Pleno dia	Crescente	Céu Claro	Dupla	Aclive;Curva	Não	3	0	1	0	1	1	1	3	-22,33571319	-43,13320403	SPRF-RJ	DEL05-RJ	UOP02-DEL05-RJ
552941	2023-10-05	quinta-feira	07:50:00	RJ	40	91	PETROPOLIS	Velocidade Incompatível	Saída de leito carroçável	Com Vítimas Fatais	Pleno dia	Crescente	Céu Claro	Simples	Curva;Declive	Não	1	1	0	0	0	0	0	1	-22,5513522	-43,24572802	SPRF-RJ	DEL06-RJ	UOP01-DEL06-RJ
555459	2023-10-17	terça-feira	01:30:00	RJ	40	91	PETROPOLIS	Velocidade Incompatível	Saída de leito carroçável	Com Vítimas Feridas	Plena Noite	Crescente	Nevoeiro/Neblina	Simples	Curva;Declive	Não	1	0	0	1	0	0	1	1	-22,54903566	-43,24229724	SPRF-RJ	DEL06-RJ	UOP01-DEL06-RJ
561340	2023-11-14	terça-feira	14:50:00	RJ	495	26	PETROPOLIS	Transitar na contramão	Colisão frontal	Com Vítimas Feridas	Pleno dia	Decrescente	Sol	Simples	Curva;Aclive	Não	3	0	2	0	1	0	2	2	-22,401716	-43,103745	SPRF-RJ	DEL06-RJ	UOP01-DEL06-RJ
561342	2023-11-14	terça-feira	15:30:00	RJ	495	24	PETROPOLIS	Problema com o freio	Colisão lateral mesmo sentido	Sem Vítimas	Pleno dia	Crescente	Céu Claro	Simples	Reta	Não	2	0	0	0	2	0	0	2	-22,409143	-43,094292	SPRF-RJ	DEL06-RJ	UOP01-DEL06-RJ
563910	2023-11-27	segunda-feira	06:30:00	RJ	40	82	PETROPOLIS	Demais falhas mecânicas ou elétricas	Saída de leito carroçável	Com Vítimas Fatais	Amanhecer	Crescente	Céu Claro	Simples	Declive;Curva	Sim	2	1	0	0	0	1	0	2	-22,51183137	-43,23076171	SPRF-RJ	DEL01-RJ	UOP01-DEL01-RJ
565321	2023-12-04	segunda-feira	04:00:00	RJ	40	82	PETROPOLIS	Ausência de reação do condutor	Tombamento	Com Vítimas Feridas	Amanhecer	Crescente	Céu Claro	Simples	Curva;Declive	Não	2	0	1	0	0	1	1	2	-22,51183137	-43,23076171	SPRF-RJ	DEL01-RJ	UOP01-DEL01-RJ
567451	2023-12-13	quarta-feira	09:00:00	RJ	40	82	PETROPOLIS	Reação tardia ou ineficiente do condutor	Tombamento	Com Vítimas Feridas	Pleno dia	Crescente	Céu Claro	Simples	Curva	Sim	2	0	1	0	0	1	1	2	-22,51183137	-43,23076171	SPRF-RJ	DEL01-RJ	UOP01-DEL01-RJ
571023	2023-12-28	quinta-feira	01:00:00	RJ	40	52	PETROPOLIS	Condutor Dormindo	Colisão traseira	Com Vítimas Feridas	Plena Noite	Crescente	Vento	Dupla	Reta	Não	4	0	2	0	1	1	2	3	-22,33571319	-43,13320403	SPRF-RJ	DEL05-RJ	UOP02-DEL05-RJ
591800	2023-12-27	quarta-feira	05:17:00	RJ	40	86	PETROPOLIS	Problema com o freio	Colisão traseira	Com Vítimas Feridas	Amanhecer	Crescente	Chuva	Dupla	Reta	Não	23	0	8	1	14	0	9	2	-22,53575484	-43,23295774	SPRF-RJ	DEL01-RJ	UOP01-DEL01-RJ
497458	2023-01-05	quinta-feira	16:50:00	RJ	40	59	PETROPOLIS	Chuva	Colisão lateral mesmo sentido	Com Vítimas Feridas	Pleno dia	Crescente	Chuva	Dupla	Curva	Não	2	0	1	0	1	0	1	2	-22,38628773	-43,13543464	SPRF-RJ	DEL05-RJ	UOP02-DEL05-RJ
498052	2023-01-08	domingo	17:00:00	RJ	40	43	PETROPOLIS	Chuva	Saída de leito carroçável	Com Vítimas Feridas	Pleno dia	Decrescente	Chuva	Dupla	Curva	Não	4	0	1	1	2	0	2	1	-22,265139	-43,108506	SPRF-RJ	DEL05-RJ	UOP02-DEL05-RJ
498179	2023-01-09	segunda-feira	11:00:00	RJ	40	77	PETROPOLIS	Chuva	Saída de leito carroçável	Com Vítimas Feridas	Pleno dia	Decrescente	Chuva	Dupla	Curva	Não	4	0	1	0	3	0	1	1	-22,48005592	-43,23543994	SPRF-RJ	DEL06-RJ	UOP01-DEL06-RJ
498190	2023-01-09	segunda-feira	11:30:00	RJ	40	73	PETROPOLIS	Mal súbito do condutor	Saída de leito carroçável	Com Vítimas Feridas	Pleno dia	Crescente	Céu Claro	Simples	Aclive;Reta	Não	1	0	1	0	0	0	1	1	-22,46352401	-43,22321103	SPRF-RJ	DEL06-RJ	UOP01-DEL06-RJ
498586	2023-01-11	quarta-feira	17:20:00	RJ	40	72	PETROPOLIS	Reação tardia ou ineficiente do condutor	Colisão com objeto	Com Vítimas Feridas	Anoitecer	Decrescente	Chuva	Simples	Curva	Não	1	0	1	0	0	0	1	1	-22,4585308	-43,21600514	SPRF-RJ	DEL06-RJ	UOP01-DEL06-RJ
498944	2023-01-13	sexta-feira	08:10:00	RJ	40	52	PETROPOLIS	Condutor deixou de manter distância do veículo da frente	Colisão traseira	Com Vítimas Feridas	Pleno dia	Crescente	Céu Claro	Dupla	Curva;Aclive	Sim	4	0	3	0	1	0	3	2	-22,33571319	-43,13320403	SPRF-RJ	DEL05-RJ	UOP02-DEL05-RJ
499013	2023-01-13	sexta-feira	21:10:00	RJ	40	70,2	PETROPOLIS	Velocidade Incompatível	Colisão com objeto	Com Vítimas Feridas	Plena Noite	Crescente	Chuva	Dupla	Curva	Não	1	0	0	1	0	0	1	1	-22,44906429	-43,19987784	SPRF-RJ	DEL06-RJ	UOP01-DEL06-RJ
499910	2023-01-18	quarta-feira	14:00:00	RJ	40	80	PETROPOLIS	Mal súbito do condutor	Saída de leito carroçável	Com Vítimas Feridas	Plena Noite	Crescente	Sol	Simples	Curva;Aclive	Sim	2	0	1	0	1	0	1	1	-22,49798597	-43,22878703	SPRF-RJ	DEL06-RJ	UOP01-DEL06-RJ
500305	2023-01-20	sexta-feira	14:25:00	RJ	40	91	PETROPOLIS	Ausência de reação do condutor	Saída de leito carroçável	Com Vítimas Feridas	Pleno dia	Crescente	Céu Claro	Simples	Reta	Não	4	0	2	0	2	0	2	1	-22,550286	-43,244983	SPRF-RJ	DEL06-RJ	UOP01-DEL06-RJ
500539	2023-01-21	sábado	11:00:00	RJ	40	78	PETROPOLIS	Chuva	Capotamento	Com Vítimas Feridas	Pleno dia	Crescente	Chuva	Dupla	Aclive;Curva	Não	4	0	1	0	3	0	1	1	-22,486377	-43,2269311	SPRF-RJ	DEL06-RJ	UOP01-DEL06-RJ
500546	2023-01-21	sábado	16:00:00	RJ	40	81	PETROPOLIS	Avarias e/ou desgaste excessivo no pneu	Saída de leito carroçável	Com Vítimas Feridas	Pleno dia	Crescente	Chuva	Simples	Aclive;Curva	Não	4	0	1	0	3	0	1	1	-22,50560003	-43,23186384	SPRF-RJ	DEL06-RJ	UOP01-DEL06-RJ
500943	2023-01-25	quarta-feira	00:30:00	RJ	40	51,4	PETROPOLIS	Ausência de reação do condutor	Colisão lateral mesmo sentido	Com Vítimas Feridas	Plena Noite	Decrescente	Vento	Simples	Interseção de Vias;Retorno Regulamentado;Reta	Sim	3	0	1	0	1	1	1	3	-22,33333493	-43,13338637	SPRF-RJ	DEL05-RJ	UOP02-DEL05-RJ
501124	2023-01-21	sábado	10:40:00	RJ	40	78	PETROPOLIS	Velocidade Incompatível	Capotamento	Com Vítimas Feridas	Pleno dia	Crescente	Chuva	Simples	Curva;Declive	Não	3	0	3	0	0	0	3	1	-22,48485874	-43,22843406	SPRF-RJ	DEL06-RJ	UOP01-DEL06-RJ
501352	2023-01-26	quinta-feira	16:30:00	RJ	40	91	PETROPOLIS	Ausência de reação do condutor	Tombamento	Com Vítimas Feridas	Pleno dia	Crescente	Nublado	Simples	Declive;Em Obras	Não	1	0	1	0	0	0	1	1	-22,55138378	-43,24635029	SPRF-RJ	DEL06-RJ	UOP01-DEL06-RJ
501897	2023-01-29	domingo	05:00:00	RJ	40	87	PETROPOLIS	Demais falhas mecânicas ou elétricas	Saída de leito carroçável	Com Vítimas Feridas	Amanhecer	Crescente	Céu Claro	Simples	Reta	Não	59	0	22	0	37	0	22	1	-22,542666	-43,233741	SPRF-RJ	DEL06-RJ	UOP01-DEL06-RJ
502992	2023-02-04	sábado	04:35:00	RJ	40	63	PETROPOLIS	Velocidade Incompatível	Colisão com objeto	Com Vítimas Fatais	Amanhecer	Crescente	Céu Claro	Dupla	Reta	Não	1	1	0	0	0	0	0	1	-22,41319517	-43,14970765	SPRF-RJ	DEL06-RJ	UOP01-DEL06-RJ
503145	2023-02-04	sábado	16:30:00	RJ	40	73	PETROPOLIS	Velocidade Incompatível	Capotamento	Com Vítimas Feridas	Pleno dia	Decrescente	Céu Claro	Dupla	Declive	Não	1	0	1	0	0	0	1	1	-22,46352401	-43,22321103	SPRF-RJ	DEL06-RJ	UOP01-DEL06-RJ
503723	2023-02-07	terça-feira	16:30:00	RJ	40	85	PETROPOLIS	Chuva	Capotamento	Com Vítimas Feridas	Pleno dia	Crescente	Chuva	Simples	Declive;Curva;Túnel	Não	1	0	1	0	0	0	1	1	-22,52850694	-43,2349802	SPRF-RJ	DEL06-RJ	UOP01-DEL06-RJ
504058	2023-02-09	quinta-feira	13:30:00	RJ	495	30	PETROPOLIS	Trafegar com motocicleta (ou similar) entre as faixas	Atropelamento de Pedestre	Com Vítimas Feridas	Pleno dia	Decrescente	Céu Claro	Simples	Reta	Sim	2	0	1	0	1	0	1	2	-22,385458	-43,129604	SPRF-RJ	DEL06-RJ	UOP01-DEL06-RJ
504893	2023-02-13	segunda-feira	09:00:00	RJ	40	81	PETROPOLIS	Acesso irregular	Capotamento	Com Vítimas Feridas	Pleno dia	Crescente	Céu Claro	Dupla	Curva	Não	1	0	1	0	0	0	1	1	-22,50560003	-43,23186384	SPRF-RJ	DEL06-RJ	UOP01-DEL06-RJ
505164	2023-02-14	terça-feira	19:00:00	RJ	40	80	PETROPOLIS	Chuva	Saída de leito carroçável	Sem Vítimas	Plena Noite	Crescente	Chuva	Dupla	Curva;Aclive	Não	1	0	0	0	0	1	0	1	-22,49798597	-43,22878703	SPRF-RJ	DEL06-RJ	UOP01-DEL06-RJ
505818	2023-02-18	sábado	04:00:00	RJ	495	26	PETROPOLIS	Velocidade Incompatível	Colisão com objeto	Com Vítimas Feridas	Plena Noite	Crescente	Nublado	Simples	Curva	Não	5	0	2	0	3	0	2	1	-22,401716	-43,103745	SPRF-RJ	DEL06-RJ	UOP01-DEL06-RJ
505960	2023-02-18	sábado	19:10:00	RJ	40	77	PETROPOLIS	Manobra de mudança de faixa	Colisão traseira	Com Vítimas Feridas	Plena Noite	Decrescente	Chuva	Dupla	Reta;Retorno Regulamentado	Não	2	0	1	0	1	0	1	2	-22,48005592	-43,23543994	SPRF-RJ	DEL06-RJ	UOP01-DEL06-RJ
505962	2023-02-18	sábado	19:00:00	RJ	40	84	PETROPOLIS	Velocidade Incompatível	Colisão com objeto	Com Vítimas Feridas	Plena Noite	Crescente	Nublado	Simples	Curva;Declive	Não	4	0	3	0	1	0	3	1	-22,52145512	-43,23707996	SPRF-RJ	DEL06-RJ	UOP01-DEL06-RJ
506073	2023-02-19	domingo	07:30:00	RJ	40	40	PETROPOLIS	Velocidade Incompatível	Colisão com objeto	Com Vítimas Feridas	Pleno dia	Decrescente	Céu Claro	Simples	Reta	Não	2	0	2	0	0	0	2	1	-22,55156214	-43,22991371	SPRF-RJ	DEL05-RJ	UOP02-DEL05-RJ
506151	2023-02-19	domingo	16:30:00	RJ	40	81,6	PETROPOLIS	Velocidade Incompatível	Tombamento	Com Vítimas Feridas	Pleno dia	Crescente	Nublado	Dupla	Curva;Declive	Não	3	0	2	0	0	1	2	2	-22,50560003	-43,23186384	SPRF-RJ	DEL06-RJ	UOP01-DEL06-RJ
506382	2023-02-20	segunda-feira	20:00:00	RJ	495	26	PETROPOLIS	Retorno proibido	Queda de ocupante de veículo	Com Vítimas Feridas	Plena Noite	Crescente	Nublado	Simples	Curva	Sim	2	0	1	0	1	0	1	2	-22,398933	-43,104948	SPRF-RJ	DEL06-RJ	UOP01-DEL06-RJ
506456	2023-02-17	sexta-feira	17:00:00	RJ	40	69	PETROPOLIS	Acumulo de areia ou detritos sobre o pavimento	Colisão com objeto	Com Vítimas Feridas	Pleno dia	Decrescente	Chuva	Dupla	Reta	Não	1	0	1	0	0	0	1	1	-22,44351715	-43,19229188	SPRF-RJ	DEL06-RJ	UOP01-DEL06-RJ
506587	2023-02-22	quarta-feira	05:00:00	RJ	40	56,9	PETROPOLIS	Velocidade Incompatível	Colisão com objeto	Com Vítimas Feridas	Amanhecer	Crescente	Ignorado	Dupla	Curva	Sim	2	0	1	0	0	1	1	2	-22,36179383	-43,12627244	SPRF-RJ	DEL05-RJ	UOP02-DEL05-RJ
506850	2023-02-23	quinta-feira	17:00:00	RJ	40	93,6	PETROPOLIS	Chuva	Colisão com objeto	Com Vítimas Feridas	Pleno dia	Decrescente	Chuva	Simples	Curva	Não	2	0	2	0	0	0	2	1	-22,5554282	-43,25829998	SPRF-RJ	DEL01-RJ	UOP01-DEL01-RJ
506866	2023-02-23	quinta-feira	20:40:00	RJ	40	62	PETROPOLIS	Acesso irregular	Colisão frontal	Com Vítimas Feridas	Plena Noite	Decrescente	Céu Claro	Dupla	Curva	Não	3	0	3	0	0	0	3	2	-22,40542358	-43,14664526	SPRF-RJ	DEL05-RJ	UOP02-DEL05-RJ
507312	2023-02-26	domingo	12:30:00	RJ	40	62	PETROPOLIS	Conversão proibida	Colisão transversal	Com Vítimas Feridas	Pleno dia	Decrescente	Céu Claro	Simples	Reta	Sim	5	0	1	0	4	0	1	4	-22,40542358	-43,14664526	SPRF-RJ	DEL05-RJ	UOP02-DEL05-RJ
507946	2023-03-01	quarta-feira	19:50:00	RJ	495	27	PETROPOLIS	Reação tardia ou ineficiente do condutor	Colisão traseira	Com Vítimas Feridas	Plena Noite	Decrescente	Céu Claro	Simples	Curva	Sim	2	0	1	0	1	0	1	2	-22,397148	-43,110664	SPRF-RJ	DEL06-RJ	UOP01-DEL06-RJ
508385	2023-03-04	sábado	06:30:00	RJ	495	25	PETROPOLIS	Ingestão de álcool pelo condutor	Colisão frontal	Com Vítimas Feridas	Amanhecer	Decrescente	Céu Claro	Simples	Curva	Não	3	0	1	0	2	0	1	2	-22,40941	-43,100292	SPRF-RJ	DEL06-RJ	UOP01-DEL06-RJ
508724	2023-03-05	domingo	17:10:00	RJ	40	79	PETROPOLIS	Velocidade Incompatível	Queda de ocupante de veículo	Com Vítimas Feridas	Pleno dia	Crescente	Nublado	Simples	Curva	Não	1	0	1	0	0	0	1	1	-22,49130098	-43,22294163	SPRF-RJ	DEL06-RJ	UOP01-DEL06-RJ
508921	2023-03-06	segunda-feira	18:50:00	RJ	40	65	PETROPOLIS	Pedestre cruzava a pista fora da faixa	Atropelamento de Pedestre	Com Vítimas Fatais	Plena Noite	Crescente	Nublado	Dupla	Reta	Não	2	1	0	0	1	0	0	2	-22,429904	-43,167243	SPRF-RJ	DEL06-RJ	UOP01-DEL06-RJ
510026	2023-03-12	domingo	03:00:00	RJ	40	67,4	PETROPOLIS	Reação tardia ou ineficiente do condutor	Saída de leito carroçável	Com Vítimas Fatais	Plena Noite	Crescente	Nevoeiro/Neblina	Dupla	Reta	Sim	1	1	0	0	0	0	0	1	-22,43674775	-43,1756712	SPRF-RJ	DEL06-RJ	UOP01-DEL06-RJ
510064	2023-03-12	domingo	12:15:00	RJ	40	74	PETROPOLIS	Velocidade Incompatível	Tombamento	Sem Vítimas	Pleno dia	Decrescente	Chuva	Dupla	Curva	Não	1	0	0	0	1	0	0	1	-22,47224973	-43,22332717	SPRF-RJ	DEL06-RJ	UOP01-DEL06-RJ
510163	2023-03-12	domingo	17:24:00	RJ	40	92	PETROPOLIS	Reação tardia ou ineficiente do condutor	Capotamento	Com Vítimas Feridas	Plena Noite	Crescente	Chuva	Simples	Curva	Não	2	0	2	0	0	0	2	1	-22,55191954	-43,25068815	SPRF-RJ	DEL06-RJ	UOP01-DEL06-RJ
510366	2023-03-13	segunda-feira	17:50:00	RJ	40	77	PETROPOLIS	Pista Escorregadia	Colisão com objeto	Com Vítimas Feridas	Anoitecer	Crescente	Garoa/Chuvisco	Dupla	Curva	Não	1	0	1	0	0	0	1	1	-22,48005592	-43,23543994	SPRF-RJ	DEL06-RJ	UOP01-DEL06-RJ
510544	2023-03-14	terça-feira	18:35:00	RJ	40	79	PETROPOLIS	Chuva	Saída de leito carroçável	Com Vítimas Feridas	Plena Noite	Decrescente	Chuva	Dupla	Curva	Não	1	0	1	0	0	0	1	1	-22,49130098	-43,22294163	SPRF-RJ	DEL06-RJ	UOP01-DEL06-RJ
510550	2023-03-14	terça-feira	18:00:00	RJ	40	48	PETROPOLIS	Chuva	Capotamento	Com Vítimas Feridas	Anoitecer	Decrescente	Chuva	Dupla	Curva	Não	1	0	1	0	0	0	1	1	-22,30030298	-43,13042284	SPRF-RJ	DEL05-RJ	UOP02-DEL05-RJ
510720	2023-03-15	quarta-feira	17:10:00	RJ	40	87	PETROPOLIS	Avarias e/ou desgaste excessivo no pneu	Tombamento	Com Vítimas Feridas	Pleno dia	Crescente	Chuva	Simples	Curva;Declive	Não	1	0	0	1	0	0	1	1	-22,54131641	-43,23271394	SPRF-RJ	DEL06-RJ	UOP01-DEL06-RJ
510847	2023-03-12	domingo	19:30:00	RJ	40	78	PETROPOLIS	Pista Escorregadia	Colisão com objeto	Com Vítimas Feridas	Plena Noite	Crescente	Garoa/Chuvisco	Dupla	Curva;Declive	Não	4	0	2	0	2	0	2	1	-22,48485874	-43,22843406	SPRF-RJ	DEL06-RJ	UOP01-DEL06-RJ
510852	2023-03-12	domingo	23:00:00	RJ	40	78	PETROPOLIS	Velocidade Incompatível	Colisão com objeto	Com Vítimas Feridas	Plena Noite	Decrescente	Garoa/Chuvisco	Dupla	Curva;Declive	Não	3	0	2	0	0	1	2	2	-22,48485874	-43,22843406	SPRF-RJ	DEL06-RJ	UOP01-DEL06-RJ
511510	2023-03-19	domingo	10:20:00	RJ	40	82	PETROPOLIS	Demais falhas mecânicas ou elétricas	Incêndio	Sem Vítimas	Pleno dia	Decrescente	Céu Claro	Simples	Reta	Não	1	0	0	0	0	1	0	1	-22,51183137	-43,23076171	SPRF-RJ	DEL06-RJ	UOP01-DEL06-RJ
511590	2023-03-19	domingo	15:50:00	RJ	40	89	PETROPOLIS	Reação tardia ou ineficiente do condutor	Colisão com objeto	Com Vítimas Feridas	Pleno dia	Decrescente	Céu Claro	Simples	Reta	Não	2	0	2	0	0	0	2	1	-22,556263	-43,23718	SPRF-RJ	DEL06-RJ	UOP01-DEL06-RJ
511899	2023-03-21	terça-feira	05:20:00	RJ	40	56	PETROPOLIS	Reação tardia ou ineficiente do condutor	Saída de leito carroçável	Com Vítimas Feridas	Amanhecer	Crescente	Céu Claro	Dupla	Reta	Não	1	0	1	0	0	0	1	1	-22,36179383	-43,12627244	SPRF-RJ	DEL05-RJ	UOP02-DEL05-RJ
512336	2023-03-23	quinta-feira	09:00:00	RJ	40	57,5	PETROPOLIS	Acessar a via sem observar a presença dos outros veículos	Colisão lateral mesmo sentido	Com Vítimas Feridas	Pleno dia	Crescente	Céu Claro	Dupla	Reta	Não	2	0	1	0	1	0	1	2	-22,37036795	-43,12819612	SPRF-RJ	DEL05-RJ	UOP02-DEL05-RJ
512784	2023-03-25	sábado	15:55:00	RJ	40	59	PETROPOLIS	Ausência de reação do condutor	Capotamento	Com Vítimas Feridas	Pleno dia	Decrescente	Céu Claro	Dupla	Reta	Sim	1	0	0	1	0	0	1	1	-22,38628773	-43,13543464	SPRF-RJ	DEL05-RJ	UOP02-DEL05-RJ
513269	2023-03-27	segunda-feira	20:30:00	RJ	40	55,8	PETROPOLIS	Chuva	Queda de ocupante de veículo	Com Vítimas Feridas	Plena Noite	Crescente	Garoa/Chuvisco	Dupla	Reta	Não	1	0	1	0	0	0	1	1	-22,35382783	-43,12184226	SPRF-RJ	DEL05-RJ	UOP02-DEL05-RJ
513310	2023-03-28	terça-feira	07:00:00	RJ	40	56	PETROPOLIS	Manobra de mudança de faixa	Colisão lateral mesmo sentido	Com Vítimas Feridas	Pleno dia	Crescente	Céu Claro	Dupla	Curva	Sim	2	0	1	0	1	0	1	2	-22,36179383	-43,12627244	SPRF-RJ	DEL05-RJ	UOP02-DEL05-RJ
513748	2023-01-13	sexta-feira	08:15:00	RJ	40	52	PETROPOLIS	Manobra de mudança de faixa	Colisão com objeto	Com Vítimas Feridas	Pleno dia	Crescente	Céu Claro	Dupla	Reta	Não	3	0	1	1	1	0	2	2	-22,33571319	-43,13320403	SPRF-RJ	DEL05-RJ	UOP02-DEL05-RJ
513803	2023-03-30	quinta-feira	21:33:00	RJ	40	84	PETROPOLIS	Chuva	Capotamento	Com Vítimas Feridas	Plena Noite	Crescente	Chuva	Dupla	Curva;Túnel	Não	2	0	1	0	1	0	1	1	-22,52145512	-43,23707996	SPRF-RJ	DEL06-RJ	UOP01-DEL06-RJ
513885	2023-03-31	sexta-feira	08:00:00	RJ	40	72	PETROPOLIS	Reação tardia ou ineficiente do condutor	Colisão traseira	Com Vítimas Feridas	Pleno dia	Decrescente	Sol	Simples	Declive;Reta	Não	1	0	1	0	0	0	1	1	-22,4585308	-43,21600514	SPRF-RJ	DEL06-RJ	UOP01-DEL06-RJ
514206	2023-04-01	sábado	09:40:00	RJ	40	85	PETROPOLIS	Demais falhas mecânicas ou elétricas	Capotamento	Com Vítimas Feridas	Pleno dia	Decrescente	Céu Claro	Simples	Curva;Aclive	Não	2	0	1	0	1	0	1	1	-22,52850694	-43,2349802	SPRF-RJ	DEL06-RJ	UOP01-DEL06-RJ
514255	2023-04-01	sábado	19:00:00	RJ	495	30	PETROPOLIS	Ultrapassagem Indevida	Colisão frontal	Com Vítimas Feridas	Pleno dia	Crescente	Céu Claro	Simples	Rotatória;Interseção de Vias;Reta	Sim	5	0	0	2	3	0	2	3	-22,38684342	-43,13236892	SPRF-RJ	DEL06-RJ	UOP01-DEL06-RJ
514303	2023-04-02	domingo	07:20:00	RJ	40	92	PETROPOLIS	Acumulo de água sobre o pavimento	Capotamento	Com Vítimas Feridas	Amanhecer	Decrescente	Chuva	Dupla	Curva;Declive	Não	4	0	1	0	1	2	1	2	-22,55191954	-43,25068815	SPRF-RJ	DEL06-RJ	UOP01-DEL06-RJ
514346	2023-04-02	domingo	12:00:00	RJ	40	82,9	PETROPOLIS	Reação tardia ou ineficiente do condutor	Tombamento	Com Vítimas Feridas	Pleno dia	Crescente	Nublado	Simples	Curva	Não	1	0	1	0	0	0	1	1	-22,51757196	-43,2283473	SPRF-RJ	DEL06-RJ	UOP01-DEL06-RJ
514918	2023-04-05	quarta-feira	03:45:00	RJ	40	90	PETROPOLIS	Velocidade Incompatível	Colisão com objeto	Com Vítimas Feridas	Amanhecer	Decrescente	Céu Claro	Simples	Curva	Não	2	0	2	0	0	0	2	1	-22,550738	-43,236397	SPRF-RJ	DEL06-RJ	UOP01-DEL06-RJ
515553	2023-04-08	sábado	07:30:00	RJ	40	83	PETROPOLIS	Velocidade Incompatível	Saída de leito carroçável	Com Vítimas Feridas	Pleno dia	Crescente	Céu Claro	Simples	Curva;Declive;Viaduto	Não	1	0	1	0	0	0	1	1	-22,51910302	-43,22873364	SPRF-RJ	DEL06-RJ	UOP01-DEL06-RJ
515802	2023-04-09	domingo	13:40:00	RJ	40	84	PETROPOLIS	Chuva	Colisão com objeto	Com Vítimas Feridas	Pleno dia	Crescente	Chuva	Simples	Curva;Declive	Não	2	0	1	0	1	0	1	1	-22,52145512	-43,23707996	SPRF-RJ	DEL06-RJ	UOP01-DEL06-RJ
516530	2023-04-12	quarta-feira	19:50:00	RJ	40	81	PETROPOLIS	Ingestão de álcool pelo condutor	Queda de ocupante de veículo	Com Vítimas Feridas	Plena Noite	Decrescente	Céu Claro	Simples	Reta	Não	1	0	1	0	0	0	1	1	-22,31355489	-43,13163757	SPRF-RJ	DEL06-RJ	UOP01-DEL06-RJ
516557	2023-04-13	quinta-feira	07:45:00	RJ	40	55,6	PETROPOLIS	Conversão proibida	Colisão traseira	Com Vítimas Feridas	Pleno dia	Decrescente	Céu Claro	Dupla	Reta	Sim	6	0	5	0	1	0	5	3	-22,35382783	-43,12184226	SPRF-RJ	DEL05-RJ	UOP02-DEL05-RJ
517203	2023-04-16	domingo	15:40:00	RJ	40	87	PETROPOLIS	Chuva	Colisão com objeto	Com Vítimas Feridas	Pleno dia	Crescente	Chuva	Simples	Declive;Curva	Não	1	0	1	0	0	0	1	1	-22,54413793	-43,23287799	SPRF-RJ	DEL06-RJ	UOP01-DEL06-RJ
517647	2023-04-18	terça-feira	13:00:00	RJ	40	78	PETROPOLIS	Velocidade Incompatível	Saída de leito carroçável	Com Vítimas Feridas	Pleno dia	Crescente	Chuva	Dupla	Curva	Não	1	0	1	0	0	0	1	1	-22,48485874	-43,22843406	SPRF-RJ	DEL06-RJ	UOP01-DEL06-RJ
517674	2023-04-18	terça-feira	18:40:00	RJ	40	92	PETROPOLIS	Ausência de reação do condutor	Colisão com objeto	Sem Vítimas	Plena Noite	Decrescente	Nublado	Simples	Curva	Não	2	0	0	0	2	0	0	1	-22,55191954	-43,25068815	SPRF-RJ	DEL06-RJ	UOP01-DEL06-RJ
517836	2023-04-19	quarta-feira	15:05:00	RJ	40	91	PETROPOLIS	Pista Escorregadia	Capotamento	Com Vítimas Feridas	Pleno dia	Crescente	Garoa/Chuvisco	Dupla	Curva	Não	4	0	1	0	3	0	1	1	-22,54903566	-43,24229724	SPRF-RJ	DEL06-RJ	UOP01-DEL06-RJ
517841	2023-04-19	quarta-feira	15:00:00	RJ	40	86	PETROPOLIS	Velocidade Incompatível	Colisão com objeto	Sem Vítimas	Pleno dia	Decrescente	Chuva	Dupla	Curva	Não	1	0	0	0	0	1	0	1	-22,53575484	-43,23295774	SPRF-RJ	DEL06-RJ	UOP01-DEL06-RJ
517852	2023-04-19	quarta-feira	14:00:00	RJ	40	92,5	PETROPOLIS	Velocidade Incompatível	Colisão com objeto	Com Vítimas Feridas	Pleno dia	Crescente	Garoa/Chuvisco	Simples	Declive;Curva	Não	2	0	2	0	0	0	2	1	-22,55191954	-43,25068815	SPRF-RJ	DEL06-RJ	UOP01-DEL06-RJ
519293	2023-04-26	quarta-feira	10:45:00	RJ	40	45	PETROPOLIS	Manobra de mudança de faixa	Colisão transversal	Com Vítimas Feridas	Pleno dia	Decrescente	Céu Claro	Simples	Reta	Não	2	0	1	0	1	0	1	2	-22,27821816	-43,11580971	SPRF-RJ	DEL05-RJ	UOP02-DEL05-RJ
519323	2023-04-26	quarta-feira	12:00:00	RJ	40	64	PETROPOLIS	Reação tardia ou ineficiente do condutor	Saída de leito carroçável	Com Vítimas Feridas	Pleno dia	Crescente	Céu Claro	Dupla	Reta	Não	2	0	1	1	0	0	2	1	-22,420418	-43,155285	SPRF-RJ	DEL06-RJ	UOP01-DEL06-RJ
519605	2023-04-27	quinta-feira	23:30:00	RJ	40	85	PETROPOLIS	Velocidade Incompatível	Capotamento	Com Vítimas Feridas	Plena Noite	Crescente	Chuva	Dupla	Curva	Não	1	0	1	0	0	0	1	1	-22,52850694	-43,2349802	SPRF-RJ	DEL06-RJ	UOP01-DEL06-RJ
519607	2023-04-28	sexta-feira	00:30:00	RJ	40	91	PETROPOLIS	Velocidade Incompatível	Colisão com objeto	Com Vítimas Feridas	Plena Noite	Crescente	Chuva	Simples	Declive;Curva	Não	1	0	1	0	0	0	1	1	-22,54903566	-43,24229724	SPRF-RJ	DEL06-RJ	UOP01-DEL06-RJ
519661	2023-04-28	sexta-feira	08:20:00	RJ	40	72	PETROPOLIS	Velocidade Incompatível	Colisão com objeto	Com Vítimas Feridas	Pleno dia	Decrescente	Chuva	Simples	Curva;Declive	Não	1	0	1	0	0	0	1	1	-22,461931	-43,222146	SPRF-RJ	DEL06-RJ	UOP01-DEL06-RJ
519673	2023-04-28	sexta-feira	08:00:00	RJ	495	27,5	PETROPOLIS	Acessar a via sem observar a presença dos outros veículos	Colisão transversal	Com Vítimas Feridas	Pleno dia	Crescente	Céu Claro	Simples	Reta	Sim	3	0	1	0	2	0	1	2	-22,40941	-43,100292	SPRF-RJ	DEL06-RJ	UOP01-DEL06-RJ
519848	2023-04-28	sexta-feira	21:58:00	RJ	40	55	PETROPOLIS	Pedestre andava na pista	Saída de leito carroçável	Sem Vítimas	Plena Noite	Crescente	Céu Claro	Dupla	Curva	Sim	3	0	0	0	2	1	0	2	-22,35382783	-43,12184226	SPRF-RJ	DEL05-RJ	UOP02-DEL05-RJ
519992	2023-04-29	sábado	13:20:00	RJ	40	87	PETROPOLIS	Pista Escorregadia	Saída de leito carroçável	Sem Vítimas	Pleno dia	Crescente	Nublado	Simples	Curva;Declive	Não	2	0	0	0	2	0	0	1	-22,54413793	-43,23287799	SPRF-RJ	DEL06-RJ	UOP01-DEL06-RJ
520785	2023-05-03	quarta-feira	13:00:00	RJ	40	87	PETROPOLIS	Afundamento ou ondulação no pavimento	Colisão lateral mesmo sentido	Com Vítimas Feridas	Pleno dia	Decrescente	Céu Claro	Dupla	Aclive;Curva	Não	2	0	1	0	1	0	1	2	-22,54413793	-43,23287799	SPRF-RJ	DEL06-RJ	UOP01-DEL06-RJ
521155	2023-05-05	sexta-feira	10:30:00	RJ	495	30	PETROPOLIS	Acessar a via sem observar a presença dos outros veículos	Colisão transversal	Com Vítimas Feridas	Pleno dia	Decrescente	Céu Claro	Simples	Rotatória	Sim	2	0	1	0	1	0	1	2	-22,38711292	-43,13264608	SPRF-RJ	DEL06-RJ	UOP01-DEL06-RJ
521292	2023-05-06	sábado	02:30:00	RJ	40	79	PETROPOLIS	Velocidade Incompatível	Tombamento	Com Vítimas Feridas	Plena Noite	Decrescente	Céu Claro	Dupla	Reta	Não	1	0	1	0	0	0	1	1	-22,48485874	-43,22843406	SPRF-RJ	DEL06-RJ	UOP01-DEL06-RJ
521685	2023-05-07	domingo	21:40:00	RJ	40	52	PETROPOLIS	Velocidade Incompatível	Colisão com objeto	Com Vítimas Feridas	Pleno dia	Decrescente	Céu Claro	Dupla	Curva;Declive	Não	3	0	2	0	1	0	2	1	-22,33571319	-43,13320403	SPRF-RJ	DEL05-RJ	UOP02-DEL05-RJ
521866	2023-05-08	segunda-feira	10:15:00	RJ	40	90	PETROPOLIS	Velocidade Incompatível	Queda de ocupante de veículo	Com Vítimas Feridas	Pleno dia	Crescente	Céu Claro	Simples	Curva	Não	2	0	2	0	0	0	2	1	-22,550738	-43,236397	SPRF-RJ	DEL06-RJ	UOP01-DEL06-RJ
522315	2023-05-11	quinta-feira	09:30:00	RJ	40	85	PETROPOLIS	Chuva	Saída de leito carroçável	Com Vítimas Feridas	Pleno dia	Decrescente	Chuva	Dupla	Curva;Aclive	Não	2	0	1	0	1	0	1	1	-22,52850694	-43,2349802	SPRF-RJ	DEL06-RJ	UOP01-DEL06-RJ
522369	2023-04-13	quinta-feira	08:30:00	RJ	40	85	PETROPOLIS	Curva acentuada	Saída de leito carroçável	Com Vítimas Feridas	Amanhecer	Decrescente	Céu Claro	Dupla	Aclive;Curva	Não	1	0	1	0	0	0	1	1	-22,52850694	-43,2349802	SPRF-RJ	DEL06-RJ	UOP01-DEL06-RJ
522588	2023-05-12	sexta-feira	15:45:00	RJ	40	93	PETROPOLIS	Chuva	Saída de leito carroçável	Sem Vítimas	Pleno dia	Crescente	Chuva	Dupla	Curva	Não	1	0	0	0	1	0	0	1	-22,5554282	-43,25829998	SPRF-RJ	DEL06-RJ	UOP01-DEL06-RJ
522621	2023-05-12	sexta-feira	18:40:00	RJ	40	59	PETROPOLIS	Velocidade Incompatível	Colisão com objeto	Com Vítimas Feridas	Plena Noite	Crescente	Céu Claro	Dupla	Curva	Não	3	0	1	0	1	1	1	3	-22,38628773	-43,13543464	SPRF-RJ	DEL05-RJ	UOP02-DEL05-RJ
522786	2023-05-13	sábado	13:30:00	RJ	40	91	PETROPOLIS	Acumulo de óleo sobre o pavimento	Queda de ocupante de veículo	Com Vítimas Feridas	Pleno dia	Decrescente	Céu Claro	Simples	Reta	Não	1	0	1	0	0	0	1	1	-22,54903566	-43,24229724	SPRF-RJ	DEL06-RJ	UOP01-DEL06-RJ
522821	2023-05-13	sábado	16:20:00	RJ	40	53	PETROPOLIS	Condutor Dormindo	Colisão com objeto	Com Vítimas Feridas	Pleno dia	Crescente	Nublado	Dupla	Aclive;Curva	Não	2	0	1	0	1	0	1	1	-22,34399896	-43,13243691	SPRF-RJ	DEL05-RJ	UOP02-DEL05-RJ
523294	2023-05-15	segunda-feira	16:50:00	RJ	40	81	PETROPOLIS	Pista Escorregadia	Queda de ocupante de veículo	Com Vítimas Feridas	Anoitecer	Decrescente	Nublado	Simples	Curva;Aclive	Não	1	0	1	0	0	0	1	1	-22,50560003	-43,23186384	SPRF-RJ	DEL06-RJ	UOP01-DEL06-RJ
525925	2023-05-28	domingo	19:00:00	RJ	40	72	PETROPOLIS	Reação tardia ou ineficiente do condutor	Capotamento	Com Vítimas Feridas	Plena Noite	Crescente	Céu Claro	Dupla	Reta	Não	2	0	1	0	1	0	1	1	-22,4585308	-43,21600514	SPRF-RJ	DEL06-RJ	UOP01-DEL06-RJ
526026	2023-05-28	domingo	23:30:00	RJ	40	56	PETROPOLIS	Ausência de reação do condutor	Saída de leito carroçável	Com Vítimas Feridas	Plena Noite	Decrescente	Nublado	Dupla	Reta	Sim	1	0	0	1	0	0	1	1	-22,36179383	-43,12627244	SPRF-RJ	DEL05-RJ	UOP02-DEL05-RJ
526067	2023-05-29	segunda-feira	09:00:00	RJ	40	91	PETROPOLIS	Chuva	Colisão lateral mesmo sentido	Com Vítimas Feridas	Pleno dia	Decrescente	Chuva	Simples	Reta;Aclive	Não	2	0	1	0	1	0	1	2	-22,54903566	-43,24229724	SPRF-RJ	DEL06-RJ	UOP01-DEL06-RJ
526563	2023-05-31	quarta-feira	22:40:00	RJ	40	59	PETROPOLIS	Pista Escorregadia	Queda de ocupante de veículo	Com Vítimas Feridas	Plena Noite	Decrescente	Garoa/Chuvisco	Simples	Curva	Não	1	0	1	0	0	0	1	1	-22,38628773	-43,13543464	SPRF-RJ	DEL05-RJ	UOP02-DEL05-RJ
526573	2023-06-01	quinta-feira	04:30:00	RJ	40	77	PETROPOLIS	Reação tardia ou ineficiente do condutor	Saída de leito carroçável	Sem Vítimas	Plena Noite	Crescente	Chuva	Simples	Curva	Não	2	0	0	0	2	0	0	1	-22,48005592	-43,23543994	SPRF-RJ	DEL06-RJ	UOP01-DEL06-RJ
526804	2023-06-02	sexta-feira	06:10:00	RJ	40	86	PETROPOLIS	Ausência de reação do condutor	Tombamento	Com Vítimas Feridas	Pleno dia	Crescente	Chuva	Simples	Curva	Não	1	0	1	0	0	0	1	1	-22,53575484	-43,23295774	SPRF-RJ	DEL06-RJ	UOP01-DEL06-RJ
526842	2023-06-02	sexta-feira	08:00:00	RJ	40	47	PETROPOLIS	Ausência de reação do condutor	Colisão com objeto	Com Vítimas Feridas	Pleno dia	Crescente	Céu Claro	Dupla	Curva	Não	2	0	1	0	1	0	1	1	-22,29169833	-43,1279826	SPRF-RJ	DEL05-RJ	UOP02-DEL05-RJ
527723	2023-06-06	terça-feira	10:00:00	RJ	40	30	PETROPOLIS	Transitar na contramão	Colisão frontal	Com Vítimas Feridas	Pleno dia	Decrescente	Céu Claro	Simples	Aclive	Não	2	0	1	0	1	0	1	2	-22,39450315	-43,13468983	SPRF-RJ	DEL05-RJ	UOP02-DEL05-RJ
527895	2023-06-07	quarta-feira	09:15:00	RJ	40	47,3	PETROPOLIS	Animais na Pista	Atropelamento de Animal	Com Vítimas Feridas	Pleno dia	Decrescente	Sol	Dupla	Reta	Não	1	0	1	0	0	0	1	1	-22,29169833	-43,1279826	SPRF-RJ	DEL05-RJ	UOP02-DEL05-RJ
528189	2023-06-04	domingo	22:40:00	RJ	40	80	PETROPOLIS	Reação tardia ou ineficiente do condutor	Saída de leito carroçável	Sem Vítimas	Plena Noite	Crescente	Céu Claro	Simples	Reta;Aclive	Não	1	0	0	0	1	0	0	1	-22,49798597	-43,22878703	SPRF-RJ	DEL06-RJ	UOP01-DEL06-RJ
528599	2023-06-10	sábado	10:30:00	RJ	495	8,7	PETROPOLIS	Condutor usando celular	Colisão frontal	Com Vítimas Feridas	Pleno dia	Crescente	Céu Claro	Simples	Curva;Declive	Não	3	0	1	1	0	1	2	2	-22,417263	-43,020191	SPRF-RJ	DEL04-RJ	UOP01-DEL04-RJ
528758	2023-06-11	domingo	09:50:00	RJ	40	78	PETROPOLIS	Acumulo de água sobre o pavimento	Colisão transversal	Com Vítimas Feridas	Pleno dia	Decrescente	Céu Claro	Simples	Curva	Não	3	0	1	0	2	0	1	2	-22,48485874	-43,22843406	SPRF-RJ	DEL06-RJ	UOP01-DEL06-RJ
531157	2023-06-22	quinta-feira	20:00:00	RJ	40	62	PETROPOLIS	Velocidade Incompatível	Queda de ocupante de veículo	Com Vítimas Feridas	Pleno dia	Decrescente	Céu Claro	Dupla	Curva	Não	1	0	1	0	0	0	1	1	-22,41253613	-43,14249516	SPRF-RJ	DEL05-RJ	UOP02-DEL05-RJ
531222	2023-06-23	sexta-feira	07:30:00	RJ	40	52,5	PETROPOLIS	Condutor deixou de manter distância do veículo da frente	Colisão traseira	Com Vítimas Feridas	Pleno dia	Crescente	Céu Claro	Dupla	Reta	Não	3	0	1	0	2	0	1	2	-22,28243	-43,11939	SPRF-RJ	DEL05-RJ	UOP02-DEL05-RJ
531388	2023-06-23	sexta-feira	21:00:00	RJ	495	30	PETROPOLIS	Acessar a via sem observar a presença dos outros veículos	Colisão transversal	Com Vítimas Feridas	Plena Noite	Crescente	Céu Claro	Simples	Curva	Sim	4	0	1	0	3	0	1	2	-22,380758	-43,131462	SPRF-RJ	DEL06-RJ	UOP01-DEL06-RJ
531603	2023-06-24	sábado	20:00:00	RJ	495	24	PETROPOLIS	Reação tardia ou ineficiente do condutor	Saída de leito carroçável	Sem Vítimas	Plena Noite	Decrescente	Céu Claro	Dupla	Curva	Não	1	0	0	0	0	1	0	1	-22,409143	-43,094292	SPRF-RJ	DEL06-RJ	UOP01-DEL06-RJ
532207	2023-06-27	terça-feira	16:40:00	RJ	40	74	PETROPOLIS	Acumulo de óleo sobre o pavimento	Tombamento	Com Vítimas Feridas	Pleno dia	Decrescente	Céu Claro	Simples	Curva;Declive	Não	1	0	1	0	0	0	1	1	-22,47224973	-43,22332717	SPRF-RJ	DEL06-RJ	UOP01-DEL06-RJ
532748	2023-06-30	sexta-feira	12:15:00	RJ	40	78	PETROPOLIS	Velocidade Incompatível	Queda de ocupante de veículo	Com Vítimas Feridas	Pleno dia	Crescente	Céu Claro	Simples	Curva;Declive	Não	1	0	0	1	0	0	1	1	-22,48485874	-43,22843406	SPRF-RJ	DEL06-RJ	UOP01-DEL06-RJ
533098	2023-07-01	sábado	21:15:00	RJ	40	77	PETROPOLIS	Pista Escorregadia	Saída de leito carroçável	Com Vítimas Feridas	Plena Noite	Decrescente	Nevoeiro/Neblina	Simples	Curva;Declive	Sim	1	0	1	0	0	0	1	1	-22,48005592	-43,23543994	SPRF-RJ	DEL06-RJ	UOP01-DEL06-RJ
533177	2023-07-02	domingo	03:00:00	RJ	40	76	PETROPOLIS	Velocidade Incompatível	Colisão com objeto	Sem Vítimas	Plena Noite	Crescente	Céu Claro	Simples	Curva;Declive	Não	1	0	0	0	0	1	0	1	-22,48328593	-43,23127627	SPRF-RJ	DEL06-RJ	UOP01-DEL06-RJ
533195	2023-07-02	domingo	09:00:00	RJ	40	58	PETROPOLIS	Reação tardia ou ineficiente do condutor	Colisão traseira	Com Vítimas Feridas	Pleno dia	Decrescente	Céu Claro	Dupla	Curva	Não	5	0	2	0	2	1	2	2	-22,38047614	-43,1328392	SPRF-RJ	DEL05-RJ	UOP02-DEL05-RJ
533465	2023-07-03	segunda-feira	12:00:00	RJ	40	77	PETROPOLIS	Pista Escorregadia	Saída de leito carroçável	Com Vítimas Feridas	Pleno dia	Decrescente	Nublado	Dupla	Curva	Não	4	0	1	0	3	0	1	1	-22,48005592	-43,23543994	SPRF-RJ	DEL06-RJ	UOP01-DEL06-RJ
534758	2023-07-09	domingo	14:30:00	RJ	40	58	PETROPOLIS	Ausência de reação do condutor	Colisão com objeto	Com Vítimas Feridas	Pleno dia	Decrescente	Nublado	Dupla	Curva	Não	2	0	1	0	1	0	1	1	-22,378777	-43,131523	SPRF-RJ	DEL05-RJ	UOP02-DEL05-RJ
535738	2023-07-14	sexta-feira	10:30:00	RJ	40	77	PETROPOLIS	Reação tardia ou ineficiente do condutor	Saída de leito carroçável	Com Vítimas Feridas	Pleno dia	Crescente	Chuva	Simples	Curva;Declive	Não	3	0	2	0	1	0	2	1	-22,48005592	-43,23543994	SPRF-RJ	DEL06-RJ	UOP01-DEL06-RJ
536168	2023-07-16	domingo	08:40:00	RJ	40	60	PETROPOLIS	Velocidade Incompatível	Saída de leito carroçável	Com Vítimas Feridas	Pleno dia	Crescente	Céu Claro	Dupla	Reta	Não	3	0	1	0	2	0	1	1	-22,39450315	-43,13468983	SPRF-RJ	DEL05-RJ	UOP02-DEL05-RJ
536402	2023-07-17	segunda-feira	07:30:00	RJ	40	79	PETROPOLIS	Reação tardia ou ineficiente do condutor	Colisão traseira	Com Vítimas Feridas	Pleno dia	Crescente	Céu Claro	Dupla	Retorno Regulamentado	Não	2	0	1	0	1	0	1	2	-22,49130098	-43,22294163	SPRF-RJ	DEL06-RJ	UOP01-DEL06-RJ
536412	2023-07-17	segunda-feira	07:45:00	RJ	40	80	PETROPOLIS	Velocidade Incompatível	Queda de ocupante de veículo	Com Vítimas Feridas	Pleno dia	Decrescente	Céu Claro	Dupla	Curva	Não	1	0	1	0	0	0	1	1	-22,49798597	-43,22878703	SPRF-RJ	DEL06-RJ	UOP01-DEL06-RJ
536491	2023-07-17	segunda-feira	10:00:00	RJ	40	67	PETROPOLIS	Ausência de reação do condutor	Colisão com objeto	Com Vítimas Feridas	Pleno dia	Decrescente	Céu Claro	Dupla	Curva	Não	1	0	1	0	0	0	1	1	-22,43856951	-43,17948818	SPRF-RJ	DEL06-RJ	UOP01-DEL06-RJ
537010	2023-07-20	quinta-feira	15:20:00	RJ	40	92	PETROPOLIS	Pista Escorregadia	Saída de leito carroçável	Com Vítimas Feridas	Pleno dia	Crescente	Chuva	Simples	Curva;Declive	Não	2	0	1	0	1	0	1	1	-22,55191954	-43,25068815	SPRF-RJ	DEL06-RJ	UOP01-DEL06-RJ
538105	2023-07-25	terça-feira	10:30:00	RJ	495	27	PETROPOLIS	Mal súbito do condutor	Colisão com objeto	Com Vítimas Fatais	Pleno dia	Crescente	Céu Claro	Dupla	Reta	Sim	1	1	0	0	0	0	0	1	-22,397148	-43,110664	SPRF-RJ	DEL06-RJ	UOP01-DEL06-RJ
538213	2023-07-25	terça-feira	23:30:00	RJ	40	82	PETROPOLIS	Ausência de reação do condutor	Tombamento	Com Vítimas Feridas	Plena Noite	Decrescente	Nublado	Simples	Curva;Aclive	Não	1	0	1	0	0	0	1	1	-22,51183137	-43,23076171	SPRF-RJ	DEL06-RJ	UOP01-DEL06-RJ
538798	2023-07-28	sexta-feira	21:55:00	RJ	40	77,8	PETROPOLIS	Pedestre cruzava a pista fora da faixa	Atropelamento de Pedestre	Com Vítimas Fatais	Plena Noite	Decrescente	Nevoeiro/Neblina	Dupla	Reta;Aclive	Não	2	1	0	0	1	0	0	2	-22,49522806	-43,22508758	SPRF-RJ	DEL06-RJ	UOP01-DEL06-RJ
539968	2023-05-27	sábado	18:45:00	RJ	40	82	PETROPOLIS	Acessar a via sem observar a presença dos outros veículos	Queda de ocupante de veículo	Com Vítimas Feridas	Anoitecer	Decrescente	Céu Claro	Dupla	Reta;Interseção de Vias;Aclive	Não	2	0	1	0	1	0	1	2	-22,51183137	-43,23076171	SPRF-RJ	DEL06-RJ	UOP01-DEL06-RJ
540442	2023-08-05	sábado	17:20:00	RJ	40	75	PETROPOLIS	Pedestre andava na pista	Atropelamento de Pedestre	Com Vítimas Feridas	Pleno dia	Decrescente	Céu Claro	Simples	Interseção de Vias;Curva	Não	3	0	1	0	2	0	1	2	-22,46857126	-43,22958698	SPRF-RJ	DEL06-RJ	UOP01-DEL06-RJ
541041	2023-08-08	terça-feira	15:45:00	RJ	40	91	PETROPOLIS	Velocidade Incompatível	Saída de leito carroçável	Com Vítimas Feridas	Pleno dia	Decrescente	Chuva	Dupla	Curva	Não	2	0	1	0	0	1	1	2	-22,56308333	-43,23622964	SPRF-RJ	DEL06-RJ	UOP01-DEL06-RJ
541044	2023-08-08	terça-feira	13:50:00	RJ	40	65	PETROPOLIS	Condutor Dormindo	Colisão com objeto	Com Vítimas Feridas	Pleno dia	Decrescente	Céu Claro	Dupla	Curva	Não	1	0	1	0	0	0	1	1	-22,427473	-43,16011	SPRF-RJ	DEL06-RJ	UOP01-DEL06-RJ
541114	2023-08-08	terça-feira	20:20:00	RJ	40	52	PETROPOLIS	Transitar no Acostamento	Atropelamento de Pedestre	Com Vítimas Feridas	Plena Noite	Crescente	Nublado	Dupla	Reta	Não	3	0	3	0	0	0	3	2	-22,33571319	-43,13320403	SPRF-RJ	DEL05-RJ	UOP02-DEL05-RJ
542047	2023-08-13	domingo	06:10:00	RJ	495	9	PETROPOLIS	Reação tardia ou ineficiente do condutor	Capotamento	Com Vítimas Feridas	Pleno dia	Crescente	Céu Claro	Simples	Reta	Não	1	0	1	0	0	0	1	1	-22,385693	-43,130265	SPRF-RJ	DEL04-RJ	UOP01-DEL04-RJ
542579	2023-08-15	terça-feira	17:00:00	RJ	495	28	PETROPOLIS	Problema com o freio	Atropelamento de Pedestre	Com Vítimas Feridas	Pleno dia	Crescente	Nublado	Simples	Curva	Sim	6	0	2	0	4	0	2	2	-22,396297	-43,120255	SPRF-RJ	DEL06-RJ	UOP01-DEL06-RJ
542635	2023-08-16	quarta-feira	05:40:00	RJ	40	72	PETROPOLIS	Demais falhas mecânicas ou elétricas	Incêndio	Sem Vítimas	Amanhecer	Decrescente	Chuva	Simples	Curva	Não	1	0	0	0	1	0	0	1	-22,4585308	-43,21600514	SPRF-RJ	DEL06-RJ	UOP01-DEL06-RJ
542875	2023-08-17	quinta-feira	12:05:00	RJ	495	30	PETROPOLIS	Trafegar com motocicleta (ou similar) entre as faixas	Queda de ocupante de veículo	Com Vítimas Feridas	Pleno dia	Decrescente	Céu Claro	Simples	Reta	Não	3	0	1	0	2	0	1	2	-22,385458	-43,129604	SPRF-RJ	DEL06-RJ	UOP01-DEL06-RJ
542892	2023-08-17	quinta-feira	16:25:00	RJ	40	70	PETROPOLIS	Velocidade Incompatível	Colisão lateral mesmo sentido	Com Vítimas Feridas	Anoitecer	Decrescente	Céu Claro	Dupla	Curva	Não	3	0	1	0	2	0	1	2	-22,4585308	-43,21600514	SPRF-RJ	DEL06-RJ	UOP01-DEL06-RJ
542928	2023-08-17	quinta-feira	07:45:00	RJ	40	92	PETROPOLIS	Velocidade Incompatível	Colisão com objeto	Com Vítimas Feridas	Pleno dia	Decrescente	Chuva	Simples	Curva	Não	1	0	1	0	0	0	1	1	-22,55191954	-43,25068815	SPRF-RJ	DEL06-RJ	UOP01-DEL06-RJ
542953	2023-08-17	quinta-feira	21:45:00	RJ	40	71	PETROPOLIS	Condutor Dormindo	Saída de leito carroçável	Com Vítimas Feridas	Plena Noite	Crescente	Céu Claro	Simples	Reta	Não	1	0	0	1	0	0	1	1	-22,45304974	-43,20832411	SPRF-RJ	DEL06-RJ	UOP01-DEL06-RJ
542991	2023-08-18	sexta-feira	07:10:00	RJ	40	46	PETROPOLIS	Demais falhas mecânicas ou elétricas	Tombamento	Com Vítimas Feridas	Pleno dia	Crescente	Céu Claro	Dupla	Reta	Não	2	0	2	0	0	0	2	1	-22,28561813	-43,12096273	SPRF-RJ	DEL05-RJ	UOP02-DEL05-RJ
543266	2023-08-19	sábado	10:00:00	RJ	40	60	PETROPOLIS	Reação tardia ou ineficiente do condutor	Saída de leito carroçável	Com Vítimas Feridas	Pleno dia	Decrescente	Céu Claro	Dupla	Curva	Não	6	0	2	0	4	0	2	2	-22,39450315	-43,13468983	SPRF-RJ	DEL05-RJ	UOP02-DEL05-RJ
543535	2023-08-20	domingo	16:30:00	RJ	40	67	PETROPOLIS	Reação tardia ou ineficiente do condutor	Capotamento	Com Vítimas Feridas	Pleno dia	Decrescente	Garoa/Chuvisco	Dupla	Reta	Não	1	0	1	0	0	0	1	1	-22,43674775	-43,1756712	SPRF-RJ	DEL06-RJ	UOP01-DEL06-RJ
543537	2023-08-20	domingo	14:30:00	RJ	40	52	PETROPOLIS	Velocidade Incompatível	Capotamento	Com Vítimas Feridas	Pleno dia	Decrescente	Chuva	Dupla	Curva	Sim	4	0	4	0	0	0	4	1	-22,33571319	-43,13320403	SPRF-RJ	DEL05-RJ	UOP02-DEL05-RJ
543558	2023-08-20	domingo	14:15:00	RJ	40	78	PETROPOLIS	Ausência de reação do condutor	Colisão com objeto	Com Vítimas Feridas	Pleno dia	Crescente	Chuva	Simples	Curva	Não	2	0	2	0	0	0	2	1	-22,48485874	-43,22843406	SPRF-RJ	DEL06-RJ	UOP01-DEL06-RJ
543656	2023-08-20	domingo	18:40:00	RJ	40	60	PETROPOLIS	Ausência de reação do condutor	Colisão com objeto	Com Vítimas Feridas	Plena Noite	Crescente	Garoa/Chuvisco	Dupla	Reta	Não	1	0	1	0	0	0	1	1	-22,39450315	-43,13468983	SPRF-RJ	DEL05-RJ	UOP02-DEL05-RJ
543710	2023-08-21	segunda-feira	14:16:00	RJ	40	45,5	PETROPOLIS	Acessar a via sem observar a presença dos outros veículos	Colisão lateral mesmo sentido	Com Vítimas Feridas	Pleno dia	Decrescente	Sol	Dupla	Reta	Sim	2	0	1	0	1	0	1	2	-22,28769668	-43,12220693	SPRF-RJ	DEL05-RJ	UOP02-DEL05-RJ
544686	2023-08-26	sábado	13:00:00	RJ	40	76	PETROPOLIS	Chuva	Colisão com objeto	Com Vítimas Feridas	Pleno dia	Crescente	Chuva	Simples	Curva;Aclive	Não	2	0	1	0	1	0	1	1	-22,47192899	-43,23779321	SPRF-RJ	DEL06-RJ	UOP01-DEL06-RJ
545271	2023-08-29	terça-feira	08:20:00	RJ	40	52	PETROPOLIS	Reação tardia ou ineficiente do condutor	Colisão com objeto	Com Vítimas Feridas	Pleno dia	Decrescente	Chuva	Dupla	Curva;Declive	Não	1	0	1	0	0	0	1	1	-22,33571319	-43,13320403	SPRF-RJ	DEL05-RJ	UOP02-DEL05-RJ
545450	2023-08-30	quarta-feira	08:10:00	RJ	40	78	PETROPOLIS	Ausência de reação do condutor	Capotamento	Com Vítimas Feridas	Pleno dia	Crescente	Garoa/Chuvisco	Simples	Curva;Declive	Não	2	0	1	0	1	0	1	1	-22,48485874	-43,22843406	SPRF-RJ	DEL06-RJ	UOP01-DEL06-RJ
545603	2023-08-31	quinta-feira	01:20:00	RJ	40	55	PETROPOLIS	Ausência de reação do condutor	Colisão com objeto	Com Vítimas Feridas	Plena Noite	Crescente	Céu Claro	Dupla	Reta	Não	1	0	1	0	0	0	1	1	-22,35382783	-43,12184226	SPRF-RJ	DEL05-RJ	UOP02-DEL05-RJ
546867	2023-09-06	quarta-feira	06:30:00	RJ	40	87	PETROPOLIS	Reação tardia ou ineficiente do condutor	Saída de leito carroçável	Com Vítimas Feridas	Pleno dia	Crescente	Chuva	Dupla	Curva	Não	3	0	1	0	2	0	1	1	-22,54413793	-43,23287799	SPRF-RJ	DEL06-RJ	UOP01-DEL06-RJ
547134	2023-09-07	quinta-feira	07:30:00	RJ	40	79	PETROPOLIS	Chuva	Capotamento	Com Vítimas Feridas	Pleno dia	Decrescente	Chuva	Simples	Curva	Sim	1	0	1	0	0	0	1	1	-22,49130098	-43,22294163	SPRF-RJ	DEL06-RJ	UOP01-DEL06-RJ
547141	2023-08-26	sábado	09:30:00	RJ	40	60	PETROPOLIS	Chuva	Saída de leito carroçável	Com Vítimas Feridas	Pleno dia	Crescente	Chuva	Simples	Reta;Aclive	Sim	1	0	1	0	0	0	1	1	-22,39450315	-43,13468983	SPRF-RJ	DEL05-RJ	UOP02-DEL05-RJ
548180	2023-09-12	terça-feira	07:45:00	RJ	40	75	PETROPOLIS	Ausência de reação do condutor	Tombamento	Com Vítimas Feridas	Pleno dia	Crescente	Céu Claro	Simples	Curva;Aclive	Não	1	0	1	0	0	0	1	1	-22,47389767	-43,23643684	SPRF-RJ	DEL06-RJ	UOP01-DEL06-RJ
548605	2023-09-14	quinta-feira	12:35:00	RJ	40	86	PETROPOLIS	Pista Escorregadia	Queda de ocupante de veículo	Com Vítimas Feridas	Pleno dia	Decrescente	Céu Claro	Simples	Curva;Aclive	Não	1	0	1	0	0	0	1	1	-22,56041412	-43,22597623	SPRF-RJ	DEL06-RJ	UOP01-DEL06-RJ
548914	2023-09-15	sexta-feira	23:10:00	RJ	40	72	PETROPOLIS	Demais falhas mecânicas ou elétricas	Colisão frontal	Sem Vítimas	Plena Noite	Crescente	Garoa/Chuvisco	Simples	Aclive	Não	2	0	0	0	2	0	0	2	-22,4585308	-43,21600514	SPRF-RJ	DEL06-RJ	UOP01-DEL06-RJ
550150	2023-09-21	quinta-feira	22:00:00	RJ	40	74	PETROPOLIS	Ausência de reação do condutor	Colisão traseira	Sem Vítimas	Plena Noite	Decrescente	Céu Claro	Dupla	Aclive;Curva	Não	4	0	0	0	4	0	0	2	-22,47224973	-43,22332717	SPRF-RJ	DEL06-RJ	UOP01-DEL06-RJ
551670	2023-09-29	sexta-feira	12:10:00	RJ	40	93,1	PETROPOLIS	Curva acentuada	Saída de leito carroçável	Sem Vítimas	Pleno dia	Decrescente	Nublado	Simples	Aclive;Curva	Não	1	0	0	0	1	0	0	1	-22,55314748	-43,25111389	SPRF-RJ	DEL01-RJ	UOP01-DEL01-RJ
552427	2023-10-02	segunda-feira	09:15:00	RJ	40	91	PETROPOLIS	Pista Escorregadia	Queda de ocupante de veículo	Com Vítimas Feridas	Pleno dia	Decrescente	Chuva	Simples	Curva	Não	2	0	1	0	1	0	1	1	-22,54903566	-43,24229724	SPRF-RJ	DEL06-RJ	UOP01-DEL06-RJ
552561	2023-10-03	terça-feira	07:40:00	RJ	40	73	PETROPOLIS	Acessar a via sem observar a presença dos outros veículos	Colisão transversal	Com Vítimas Feridas	Pleno dia	Crescente	Nublado	Simples	Interseção de Vias;Aclive;Curva	Não	3	0	2	0	1	0	2	2	-22,46352401	-43,22321103	SPRF-RJ	DEL06-RJ	UOP01-DEL06-RJ
552967	2023-10-05	quinta-feira	10:10:00	RJ	40	72,8	PETROPOLIS	Chuva	Colisão com objeto	Com Vítimas Feridas	Pleno dia	Crescente	Chuva	Dupla	Reta	Não	3	0	1	0	2	0	1	1	-22,4585308	-43,21600514	SPRF-RJ	DEL06-RJ	UOP01-DEL06-RJ
552970	2023-10-05	quinta-feira	11:30:00	RJ	40	72	PETROPOLIS	Chuva	Colisão com objeto	Com Vítimas Feridas	Pleno dia	Crescente	Garoa/Chuvisco	Dupla	Curva	Não	2	0	1	0	1	0	1	1	-22,4585308	-43,21600514	SPRF-RJ	DEL06-RJ	UOP01-DEL06-RJ
553139	2023-10-06	sexta-feira	10:00:00	RJ	40	62	PETROPOLIS	Ausência de reação do condutor	Capotamento	Com Vítimas Feridas	Pleno dia	Decrescente	Céu Claro	Dupla	Reta	Não	1	0	1	0	0	0	1	1	-22,40542358	-43,14664526	SPRF-RJ	DEL05-RJ	UOP02-DEL05-RJ
553177	2023-10-02	segunda-feira	23:00:00	RJ	40	68	PETROPOLIS	Reação tardia ou ineficiente do condutor	Saída de leito carroçável	Com Vítimas Feridas	Plena Noite	Decrescente	Chuva	Dupla	Curva	Não	1	0	1	0	0	0	1	1	-22,4381808	-43,18488009	SPRF-RJ	DEL06-RJ	UOP01-DEL06-RJ
553193	2023-10-06	sexta-feira	11:30:00	RJ	40	91	PETROPOLIS	Reação tardia ou ineficiente do condutor	Saída de leito carroçável	Sem Vítimas	Pleno dia	Crescente	Nublado	Simples	Curva;Declive	Não	1	0	0	0	0	1	0	1	-22,54903566	-43,24229724	SPRF-RJ	DEL06-RJ	UOP01-DEL06-RJ
553447	2023-10-07	sábado	14:00:00	RJ	40	74	PETROPOLIS	Velocidade Incompatível	Tombamento	Com Vítimas Feridas	Pleno dia	Decrescente	Céu Claro	Simples	Curva	Não	1	0	1	0	0	0	1	1	-22,47224973	-43,22332717	SPRF-RJ	DEL06-RJ	UOP01-DEL06-RJ
553454	2023-10-07	sábado	14:45:00	RJ	40	86	PETROPOLIS	Demais falhas mecânicas ou elétricas	Incêndio	Sem Vítimas	Pleno dia	Decrescente	Céu Claro	Dupla	Reta	Não	1	0	0	0	1	0	0	1	-22,53575484	-43,23295774	SPRF-RJ	DEL06-RJ	UOP01-DEL06-RJ
553666	2023-10-08	domingo	16:50:00	RJ	40	73	PETROPOLIS	Ausência de reação do condutor	Saída de leito carroçável	Com Vítimas Feridas	Pleno dia	Crescente	Céu Claro	Dupla	Curva	Não	1	0	0	1	0	0	1	1	-22,46352401	-43,22321103	SPRF-RJ	DEL06-RJ	UOP01-DEL06-RJ
554001	2023-10-09	segunda-feira	21:27:00	RJ	40	75,5	PETROPOLIS	Ausência de reação do condutor	Colisão com objeto	Sem Vítimas	Plena Noite	Crescente	Chuva	Simples	Curva	Não	1	0	0	0	1	0	0	1	-22,46857126	-43,22958698	SPRF-RJ	DEL06-RJ	UOP01-DEL06-RJ
554110	2023-10-10	terça-feira	13:30:00	RJ	40	90	PETROPOLIS	Reação tardia ou ineficiente do condutor	Saída de leito carroçável	Com Vítimas Feridas	Pleno dia	Crescente	Garoa/Chuvisco	Simples	Curva	Não	2	0	1	0	1	0	1	1	-22,550738	-43,236397	SPRF-RJ	DEL06-RJ	UOP01-DEL06-RJ
554171	2023-10-10	terça-feira	20:30:00	RJ	40	59	PETROPOLIS	Pedestre cruzava a pista fora da faixa	Atropelamento de Pedestre	Com Vítimas Fatais	Plena Noite	Decrescente	Céu Claro	Dupla	Curva	Não	2	1	0	0	0	1	0	2	-22,38628773	-43,13543464	SPRF-RJ	DEL05-RJ	UOP02-DEL05-RJ
554961	2023-10-14	sábado	14:50:00	RJ	40	72	PETROPOLIS	Reação tardia ou ineficiente do condutor	Saída de leito carroçável	Com Vítimas Feridas	Pleno dia	Decrescente	Chuva	Simples	Curva	Não	2	0	1	0	1	0	1	1	-22,4585308	-43,21600514	SPRF-RJ	DEL06-RJ	UOP01-DEL06-RJ
555317	2023-09-10	domingo	15:30:00	RJ	40	47	PETROPOLIS	Ausência de sinalização	Colisão com objeto	Sem Vítimas	Pleno dia	Crescente	Sol	Simples	Retorno Regulamentado	Não	1	0	0	0	1	0	0	1	-22,29169833	-43,1279826	SPRF-RJ	DEL05-RJ	UOP02-DEL05-RJ
555348	2023-09-16	sábado	14:25:00	RJ	40	45	PETROPOLIS	Velocidade Incompatível	Saída de leito carroçável	Com Vítimas Feridas	Pleno dia	Crescente	Céu Claro	Simples	Reta	Sim	1	0	1	0	0	0	1	1	-22,31790714	-43,13215256	SPRF-RJ	DEL05-RJ	UOP02-DEL05-RJ
555704	2023-10-18	quarta-feira	09:30:00	RJ	40	87	PETROPOLIS	Reação tardia ou ineficiente do condutor	Saída de leito carroçável	Com Vítimas Feridas	Pleno dia	Crescente	Garoa/Chuvisco	Simples	Curva	Não	1	0	1	0	0	0	1	1	-22,54413793	-43,23287799	SPRF-RJ	DEL06-RJ	UOP01-DEL06-RJ
555715	2023-10-18	quarta-feira	11:00:00	RJ	40	73	PETROPOLIS	Reação tardia ou ineficiente do condutor	Saída de leito carroçável	Com Vítimas Feridas	Pleno dia	Decrescente	Garoa/Chuvisco	Simples	Curva	Não	1	0	1	0	0	0	1	1	-22,46352401	-43,22321103	SPRF-RJ	DEL06-RJ	UOP01-DEL06-RJ
558206	2023-10-30	segunda-feira	16:50:00	RJ	495	27,8	PETROPOLIS	Retorno proibido	Colisão transversal	Com Vítimas Feridas	Pleno dia	Decrescente	Céu Claro	Simples	Reta	Sim	3	0	1	0	2	0	1	2	-22,39634	-43,12386	SPRF-RJ	DEL06-RJ	UOP01-DEL06-RJ
558601	2023-11-01	quarta-feira	21:00:00	RJ	40	73	PETROPOLIS	Reação tardia ou ineficiente do condutor	Saída de leito carroçável	Com Vítimas Feridas	Plena Noite	Decrescente	Chuva	Dupla	Curva	Não	3	0	2	0	1	0	2	1	-22,46352401	-43,22321103	SPRF-RJ	DEL06-RJ	UOP01-DEL06-RJ
559422	2023-11-06	segunda-feira	03:30:00	RJ	40	43	PETROPOLIS	Reação tardia ou ineficiente do condutor	Colisão com objeto	Com Vítimas Feridas	Plena Noite	Decrescente	Céu Claro	Dupla	Curva	Não	1	0	1	0	0	0	1	1	-22,265139	-43,108506	SPRF-RJ	DEL05-RJ	UOP02-DEL05-RJ
560037	2023-11-09	quinta-feira	06:50:00	RJ	40	45,5	PETROPOLIS	Entrada inopinada do pedestre	Atropelamento de Pedestre	Com Vítimas Feridas	Pleno dia	Crescente	Céu Claro	Múltipla	Reta	Não	3	0	1	0	2	0	1	2	-22,27821816	-43,11580971	SPRF-RJ	DEL05-RJ	UOP02-DEL05-RJ
560777	2023-11-12	domingo	10:00:00	RJ	40	77	PETROPOLIS	Velocidade Incompatível	Tombamento	Com Vítimas Feridas	Pleno dia	Crescente	Céu Claro	Simples	Declive;Curva	Não	2	0	2	0	0	0	2	1	-22,48502075	-43,22740316	SPRF-RJ	DEL06-RJ	UOP01-DEL06-RJ
561382	2023-11-14	terça-feira	20:30:00	RJ	495	24,7	PETROPOLIS	Ausência de reação do condutor	Colisão frontal	Com Vítimas Feridas	Plena Noite	Crescente	Nublado	Simples	Curva	Sim	2	0	1	0	1	0	1	2	-22,409143	-43,094292	SPRF-RJ	DEL06-RJ	UOP01-DEL06-RJ
561669	2023-11-16	quinta-feira	14:15:00	RJ	40	56	PETROPOLIS	Reação tardia ou ineficiente do condutor	Colisão com objeto	Com Vítimas Fatais	Pleno dia	Decrescente	Céu Claro	Dupla	Reta	Sim	5	1	3	1	0	0	4	1	-22,36179383	-43,12627244	SPRF-RJ	DEL05-RJ	UOP02-DEL05-RJ
561720	2023-11-16	quinta-feira	18:00:00	RJ	40	79	PETROPOLIS	Reação tardia ou ineficiente do condutor	Colisão com objeto	Com Vítimas Feridas	Anoitecer	Crescente	Nublado	Simples	Retorno Regulamentado	Não	1	0	1	0	0	0	1	1	-22,49130098	-43,22294163	SPRF-RJ	DEL06-RJ	UOP01-DEL06-RJ
561820	2023-11-17	sexta-feira	11:30:00	RJ	40	66	PETROPOLIS	Velocidade Incompatível	Capotamento	Com Vítimas Feridas	Pleno dia	Decrescente	Céu Claro	Dupla	Reta	Não	1	0	1	0	0	0	1	1	-22,4381808	-43,18488009	SPRF-RJ	DEL06-RJ	UOP01-DEL06-RJ
562087	2023-11-18	sábado	16:00:00	RJ	40	82	PETROPOLIS	Demais falhas mecânicas ou elétricas	Incêndio	Sem Vítimas	Pleno dia	Decrescente	Céu Claro	Simples	Reta;Aclive	Não	1	0	0	0	1	0	0	1	-22,53236813	-43,21931362	SPRF-RJ	DEL06-RJ	UOP01-DEL06-RJ
562278	2023-11-19	domingo	12:30:00	RJ	40	84	PETROPOLIS	Acumulo de água sobre o pavimento	Saída de leito carroçável	Com Vítimas Feridas	Pleno dia	Crescente	Chuva	Dupla	Curva	Não	5	0	4	0	1	0	4	1	-22,52145512	-43,23707996	SPRF-RJ	DEL06-RJ	UOP01-DEL06-RJ
562283	2023-11-19	domingo	12:40:00	RJ	40	52	PETROPOLIS	Acumulo de óleo sobre o pavimento	Colisão frontal	Com Vítimas Feridas	Pleno dia	Crescente	Céu Claro	Simples	Curva;Declive	Não	5	0	1	0	4	0	1	1	-22,34078181	-43,13392282	SPRF-RJ	DEL05-RJ	UOP02-DEL05-RJ
562301	2023-11-19	domingo	12:00:00	RJ	40	91	PETROPOLIS	Chuva	Saída de leito carroçável	Com Vítimas Feridas	Pleno dia	Decrescente	Chuva	Simples	Aclive;Curva	Não	3	0	2	0	1	0	2	1	-22,54903566	-43,24229724	SPRF-RJ	DEL06-RJ	UOP01-DEL06-RJ
564227	2023-11-28	terça-feira	15:00:00	RJ	40	47	PETROPOLIS	Condutor Dormindo	Saída de leito carroçável	Com Vítimas Feridas	Pleno dia	Decrescente	Céu Claro	Simples	Reta	Não	1	0	1	0	0	0	1	1	-22,29169833	-43,1279826	SPRF-RJ	DEL05-RJ	UOP02-DEL05-RJ
564234	2023-11-28	terça-feira	21:00:00	RJ	495	31	PETROPOLIS	Acessar a via sem observar a presença dos outros veículos	Colisão transversal	Com Vítimas Feridas	Plena Noite	Decrescente	Chuva	Simples	Reta	Sim	2	0	1	0	1	0	1	2	-22,38713276	-43,12494278	SPRF-RJ	DEL05-RJ	UOP02-DEL05-RJ
564619	2023-12-01	sexta-feira	02:30:00	RJ	40	72,5	PETROPOLIS	Ausência de reação do condutor	Colisão com objeto	Com Vítimas Feridas	Plena Noite	Crescente	Céu Claro	Simples	Curva;Declive	Não	2	0	2	0	0	0	2	1	-22,4585308	-43,21600514	SPRF-RJ	DEL01-RJ	UOP01-DEL01-RJ
564695	2023-12-01	sexta-feira	11:00:00	RJ	40	52	PETROPOLIS	Demais falhas mecânicas ou elétricas	Queda de ocupante de veículo	Com Vítimas Feridas	Pleno dia	Decrescente	Céu Claro	Dupla	Reta	Não	2	0	2	0	0	0	2	1	-22,33571319	-43,13320403	SPRF-RJ	DEL05-RJ	UOP02-DEL05-RJ
564891	2023-12-02	sábado	05:00:00	RJ	40	76	PETROPOLIS	Reação tardia ou ineficiente do condutor	Capotamento	Com Vítimas Feridas	Pleno dia	Decrescente	Céu Claro	Simples	Curva	Sim	1	0	1	0	0	0	1	1	-22,47192899	-43,23779321	SPRF-RJ	DEL01-RJ	UOP01-DEL01-RJ
565150	2023-12-03	domingo	09:00:00	RJ	40	66	PETROPOLIS	Velocidade Incompatível	Colisão traseira	Com Vítimas Feridas	Pleno dia	Crescente	Céu Claro	Dupla	Curva	Não	2	0	0	1	1	0	1	2	-22,43038811	-43,16805124	SPRF-RJ	DEL05-RJ	UOP02-DEL05-RJ
565833	2023-12-02	sábado	16:00:00	RJ	40	84	PETROPOLIS	Acumulo de óleo sobre o pavimento	Queda de ocupante de veículo	Com Vítimas Feridas	Pleno dia	Decrescente	Céu Claro	Dupla	Curva	Não	1	0	1	0	0	0	1	1	-22,52145512	-43,23707996	SPRF-RJ	DEL01-RJ	UOP01-DEL01-RJ
566016	2023-12-07	quinta-feira	06:00:00	RJ	40	60	PETROPOLIS	Reação tardia ou ineficiente do condutor	Colisão com objeto	Com Vítimas Feridas	Amanhecer	Crescente	Céu Claro	Simples	Reta	Não	1	0	1	0	0	0	1	1	-22,39450315	-43,13468983	SPRF-RJ	DEL05-RJ	UOP02-DEL05-RJ
566438	2023-12-08	sexta-feira	19:50:00	RJ	40	72	PETROPOLIS	Pista Escorregadia	Colisão traseira	Com Vítimas Feridas	Plena Noite	Decrescente	Chuva	Dupla	Reta	Não	3	0	1	0	2	0	1	2	-22,4585308	-43,21600514	SPRF-RJ	DEL01-RJ	UOP01-DEL01-RJ
566526	2023-12-09	sábado	07:00:00	RJ	40	47,9	PETROPOLIS	Demais falhas mecânicas ou elétricas	Saída de leito carroçável	Com Vítimas Feridas	Pleno dia	Crescente	Céu Claro	Dupla	Curva	Não	1	0	1	0	0	0	1	1	-22,29169833	-43,1279826	SPRF-RJ	DEL05-RJ	UOP02-DEL05-RJ
567643	2023-12-14	quinta-feira	08:10:00	RJ	40	83	PETROPOLIS	Reação tardia ou ineficiente do condutor	Colisão traseira	Com Vítimas Feridas	Pleno dia	Decrescente	Céu Claro	Simples	Reta	Não	2	0	1	0	1	0	1	2	-22,51910302	-43,22873364	SPRF-RJ	DEL01-RJ	UOP01-DEL01-RJ
568181	2023-12-16	sábado	08:30:00	RJ	40	99	PETROPOLIS	Demais falhas mecânicas ou elétricas	Queda de ocupante de veículo	Com Vítimas Feridas	Pleno dia	Decrescente	Céu Claro	Simples	Curva	Não	1	0	1	0	0	0	1	1	-22,58585204	-43,27716391	SPRF-RJ	DEL01-RJ	UOP01-DEL01-RJ
568556	2023-12-17	domingo	17:30:00	RJ	40	82	PETROPOLIS	Acessar a via sem observar a presença dos outros veículos	Saída de leito carroçável	Com Vítimas Feridas	Pleno dia	Decrescente	Céu Claro	Simples	Reta	Não	1	0	1	0	0	0	1	1	-22,51183137	-43,23076171	SPRF-RJ	DEL01-RJ	UOP01-DEL01-RJ
568838	2023-12-18	segunda-feira	20:35:00	RJ	40	78	PETROPOLIS	Demais falhas mecânicas ou elétricas	Incêndio	Sem Vítimas	Plena Noite	Crescente	Céu Claro	Dupla	Curva	Sim	1	0	0	0	1	0	0	1	-22,48485874	-43,22843406	SPRF-RJ	DEL01-RJ	UOP01-DEL01-RJ
569027	2023-12-19	terça-feira	19:30:00	RJ	40	54	PETROPOLIS	Reação tardia ou ineficiente do condutor	Colisão com objeto	Com Vítimas Feridas	Plena Noite	Decrescente	Céu Claro	Dupla	Reta;Aclive	Não	1	0	0	1	0	0	1	1	-22,34627607	-43,12411304	SPRF-RJ	DEL05-RJ	UOP02-DEL05-RJ
570173	2023-12-23	sábado	20:00:00	RJ	40	53	PETROPOLIS	Chuva	Colisão com objeto	Com Vítimas Feridas	Plena Noite	Decrescente	Chuva	Dupla	Aclive;Curva	Não	3	0	0	1	0	2	1	3	-22,34399896	-43,13243691	SPRF-RJ	DEL05-RJ	UOP02-DEL05-RJ
570279	2023-12-24	domingo	09:00:00	RJ	40	45	PETROPOLIS	Condutor deixou de manter distância do veículo da frente	Colisão traseira	Com Vítimas Feridas	Pleno dia	Decrescente	Nublado	Dupla	Reta	Sim	4	0	2	0	2	0	2	2	-22,27821816	-43,11580971	SPRF-RJ	DEL05-RJ	UOP02-DEL05-RJ
570339	2023-12-24	domingo	13:00:00	RJ	40	51	PETROPOLIS	Reação tardia ou ineficiente do condutor	Queda de ocupante de veículo	Com Vítimas Feridas	Pleno dia	Crescente	Sol	Dupla	Curva	Sim	1	0	1	0	0	0	1	1	-22,32705315	-43,13253559	SPRF-RJ	DEL05-RJ	UOP02-DEL05-RJ
570452	2023-12-25	segunda-feira	09:00:00	RJ	40	77	PETROPOLIS	Velocidade Incompatível	Saída de leito carroçável	Com Vítimas Feridas	Pleno dia	Crescente	Céu Claro	Simples	Curva	Não	2	0	0	2	0	0	2	1	-22,48005592	-43,23543994	SPRF-RJ	DEL01-RJ	UOP01-DEL01-RJ
570645	2023-12-26	terça-feira	07:30:00	RJ	495	26	PETROPOLIS	Acessar a via sem observar a presença dos outros veículos	Colisão transversal	Com Vítimas Feridas	Pleno dia	Crescente	Céu Claro	Simples	Interseção de Vias	Sim	3	0	1	0	2	0	1	2	-22,39540102	-43,11494887	SPRF-RJ	DEL05-RJ	UOP02-DEL05-RJ
570742	2023-12-26	terça-feira	16:20:00	RJ	40	79	PETROPOLIS	Reação tardia ou ineficiente do condutor	Colisão com objeto	Com Vítimas Feridas	Pleno dia	Crescente	Chuva	Múltipla	Retorno Regulamentado	Sim	4	0	4	0	0	0	4	1	-22,49798597	-43,22878703	SPRF-RJ	DEL01-RJ	UOP01-DEL01-RJ
570881	2023-12-27	quarta-feira	05:00:00	RJ	40	78	PETROPOLIS	Pista Escorregadia	Colisão com objeto	Com Vítimas Feridas	Pleno dia	Crescente	Nublado	Dupla	Reta	Não	1	0	1	0	0	0	1	1	-22,48485874	-43,22843406	SPRF-RJ	DEL01-RJ	UOP01-DEL01-RJ
570893	2023-12-23	sábado	15:30:00	RJ	40	93	PETROPOLIS	Chuva	Colisão com objeto	Sem Vítimas	Pleno dia	Crescente	Chuva	Simples	Curva;Declive	Não	1	0	0	0	1	0	0	1	-22,5554282	-43,25829998	SPRF-RJ	DEL01-RJ	UOP01-DEL01-RJ
571232	2023-12-29	sexta-feira	06:25:00	RJ	40	82	PETROPOLIS	Velocidade Incompatível	Saída de leito carroçável	Com Vítimas Feridas	Pleno dia	Crescente	Céu Claro	Simples	Curva	Não	4	0	4	0	0	0	4	1	-22,51183137	-43,23076171	SPRF-RJ	DEL01-RJ	UOP01-DEL01-RJ
571565	2023-12-30	sábado	17:50:00	RJ	40	59	PETROPOLIS	Pista Escorregadia	Colisão com objeto	Com Vítimas Feridas	Anoitecer	Crescente	Chuva	Simples	Curva	Sim	2	0	1	0	1	0	1	1	-22,40271477	-43,10782347	SPRF-RJ	DEL05-RJ	UOP02-DEL05-RJ
571608	2023-12-30	sábado	19:15:00	RJ	40	75	PETROPOLIS	Velocidade Incompatível	Saída de leito carroçável	Com Vítimas Feridas	Plena Noite	Crescente	Garoa/Chuvisco	Dupla	Curva	Não	1	0	1	0	0	0	1	1	-22,46857126	-43,22958698	SPRF-RJ	DEL01-RJ	UOP01-DEL01-RJ
571662	2023-12-31	domingo	07:50:00	RJ	40	67	PETROPOLIS	Acumulo de água sobre o pavimento	Colisão com objeto	Com Vítimas Feridas	Pleno dia	Crescente	Chuva	Dupla	Reta	Não	1	0	1	0	0	0	1	1	-22,438159	-43,181382	SPRF-RJ	DEL05-RJ	UOP02-DEL05-RJ
